{
  "name": "simpleweather",
  "title": "jQuery.simpleWeather",
  "description": "A simple jQuery plugin to display the current weather information for any location using Yahoo! Weather. Developed by James Fleeting.",
  "keywords": [
    "weather",
    "yahoo",
    "simpleweather",
    "simple",
    "monkeecreate",
    "weather-data"
  ],
  "version": "2.6.0",
  "author": {
    "name": "James Fleeting",
    "email": "hello@jamesfleeting.com",
    "url": "http://jamesfleeting.com"
  },
  "licenses": [
    {
      "type": "MIT",
      "url": "https://github.com/monkeecreate/jquery.simpleWeather/blob/master/MIT-LICENSE.txt"
    }
  ],
  "bugs": "https://github.com/monkeecreate/jquery.simpleWeather/issues",
  "homepage": "http://simpleweatherjs.com",
  "docs": "http://simpleweatherjs.com",
  "download": "http://simpleweatherjs.com",
  "demo": "http://simpleweatherjs.com",
  "dependencies": {
    "jquery": ">=1.5"
  },
  "maintainers": [
    {
      "name": "James Fleeting",
      "email": "hello@jamesfleeting.com",
      "url": "http://jamesfleeting.com"
    }
  ]
}